frame_id,n_points,n_invalid,invalid_ratio,range_min,range_p05,range_p50,range_p95,range_max,ratio_beyond_50m,ratio_within_2m,z_min,z_p50,z_max,intensity_mean,intensity_std,intensity_zero_ratio,intensity_sat_ratio,empty_az_bins,az_min_bin_ratio,az_max_sector_gap_deg,empty_el_bins,el_min_deg,el_max_deg,points_hash,timestamp_s,dt_s,dt_ratio
scene-0103_000,34752,0,0.000000,0.000039,0.055857,4.553848,30.886746,103.639402,0.016718,0.415257,-10.613050,-0.851124,15.905303,0.057583,0.068226,0.010704,0.000086,0,0.555249,0.000000,1,-59.834575,10.728459,3f63226ccd6e,1533151603.547590,,
scene-0103_001,34688,0,0.000000,0.000038,0.049912,4.586070,29.545869,103.482271,0.015308,0.410401,-8.953439,-0.833732,15.367679,0.055384,0.067049,0.011877,0.000173,0,0.528252,0.000000,1,-58.410669,10.764717,234f468b7917,1533151604.048025,0.500435,1.001106
scene-0103_002,34752,0,0.000000,0.000016,0.051414,4.648047,29.821801,104.423468,0.012949,0.400927,-8.844325,-0.867258,14.984074,0.051615,0.058853,0.015021,0.000029,0,0.509669,0.000000,1,-57.761149,10.773991,fc16553966eb,1533151604.547893,0.499868,0.999972
scene-0103_003,34720,0,0.000000,0.000020,0.049922,4.962207,30.020040,104.648977,0.010599,0.376469,-8.432637,-0.847893,14.710004,0.052018,0.064177,0.022120,0.000374,0,0.530876,0.000000,1,-58.308494,10.793077,32ff5cd2775e,1533151605.047769,0.499876,0.999988
scene-0103_004,34784,0,0.000000,0.000036,0.054865,5.258488,27.962647,104.825620,0.008251,0.368905,-8.568030,-0.785386,13.990107,0.054567,0.067547,0.026391,0.000144,0,0.557843,0.000000,1,-57.397158,10.849941,bb4a71413fe0,1533151605.548192,0.500423,1.001082
scene-0103_005,34720,0,0.000000,0.000801,0.065807,5.217325,26.279357,101.877048,0.006279,0.357604,-8.901794,-0.608703,14.785812,0.055873,0.070538,0.029349,0.000115,0,0.560945,0.000000,1,-58.116736,10.708530,1a39999d33e9,1533151606.048630,0.500438,1.001112
scene-0103_006,34688,0,0.000000,0.000047,0.064805,5.403480,27.129067,104.713992,0.006602,0.332363,-9.901310,-0.587800,15.098925,0.056187,0.071482,0.028684,0.000115,0,0.380881,0.000000,1,-58.657849,10.859187,7526a9dc375f,1533151606.549066,0.500436,1.001108
scene-0103_007,34688,0,0.000000,0.000050,0.091490,5.892375,27.615682,94.297230,0.006775,0.295088,-7.924996,-1.014179,13.284418,0.055711,0.068235,0.015913,0.000029,0,0.594673,0.000000,1,-59.070463,10.713863,62c631acbe81,1533151607.048933,0.499867,0.999970
scene-0103_008,34720,0,0.000000,0.000003,0.101691,5.983886,29.439973,88.764095,0.015409,0.277247,-5.567416,-0.972225,15.277002,0.055289,0.071815,0.016043,0.000230,0,0.593088,0.000000,1,-59.632136,10.739134,d89ae44dc86f,1533151607.548824,0.499891,1.000018
scene-0103_009,34720,0,0.000000,0.000030,0.104845,6.590550,31.668389,100.357098,0.018203,0.257921,-4.688134,-1.112966,14.556418,0.055420,0.072956,0.014833,0.000317,0,0.581682,0.000000,1,-60.012760,10.815795,51b8b24f4a9d,1533151608.048151,0.499327,0.998890
scene-0103_010,34720,0,0.000000,0.000428,0.100872,6.887206,31.472480,94.237207,0.012126,0.248877,-10.308006,-1.089293,13.999001,0.058348,0.071141,0.015755,0.000202,0,0.622120,0.000000,1,-56.644029,10.747947,780333cb7596,1533151608.548020,0.499869,0.999974
scene-0103_011,34688,0,0.000000,0.007334,0.093205,7.090127,30.607296,88.305051,0.008101,0.240285,-17.102894,-0.987446,13.513471,0.062349,0.076155,0.014385,0.000375,0,0.604013,0.000000,1,-51.923522,10.762861,caa65cd62509,1533151609.047890,0.499870,0.999976
scene-0103_012,34688,0,0.000000,0.000050,0.079806,7.112889,29.428509,86.157397,0.007322,0.232098,-15.647503,-1.033379,13.176172,0.064553,0.078583,0.015510,0.000317,0,0.615429,0.000000,1,-47.009631,10.734033,74d4c066ada6,1533151609.547766,0.499876,0.999988
scene-0103_013,34688,0,0.000000,0.000013,0.067808,7.200191,29.267062,90.995608,0.007784,0.227341,-14.676698,-1.049252,12.909322,0.064244,0.077201,0.015106,0.000432,0,0.611278,0.000000,1,-43.308916,10.739525,a1acebde3f08,1533151609.947025,0.399259,0.798707
scene-0103_014,34720,0,0.000000,0.000716,0.051223,7.373884,29.111979,104.992677,0.007834,0.225893,-13.733470,-1.041516,12.755002,0.062985,0.074603,0.015956,0.000374,0,0.592051,0.000000,1,-39.533472,10.734050,1d11c1b93391,1533151610.446899,0.499874,0.999984
scene-0103_015,34688,0,0.000000,0.002308,0.035522,7.539128,29.524118,104.389398,0.008101,0.225755,-13.116724,-1.073353,12.651498,0.062485,0.073990,0.017124,0.000317,0,0.589483,0.000000,1,-36.436290,10.679044,516ea206bf10,1533151610.946785,0.499886,1.000008
scene-0103_016,34720,0,0.000000,0.000075,0.027109,7.636512,30.287241,80.133064,0.008756,0.223416,-12.660733,-1.085238,12.521704,0.062841,0.076164,0.017684,0.000374,0,0.607604,0.000000,1,-34.717441,10.691840,e290799083d9,1533151611.446636,0.499851,0.999938
scene-0103_017,34720,0,0.000000,0.000021,0.025524,7.583025,30.813160,86.495417,0.009476,0.224654,-12.292605,-1.071535,12.622428,0.062519,0.075897,0.017079,0.000403,0,0.609677,0.000000,1,-34.406295,10.696154,77efc9bca0a7,1533151611.896734,0.450098,0.900409
scene-0103_018,34784,0,0.000000,0.000898,0.025952,7.486045,31.264285,87.255769,0.009832,0.224184,-11.895603,-1.065653,12.636214,0.062276,0.076047,0.015352,0.000431,0,0.612695,0.000000,1,-34.445270,10.695396,0458d6ef6b5e,1533151612.397179,0.500445,1.001126
scene-0103_019,34784,0,0.000000,0.000060,0.029607,7.451822,32.047990,85.319390,0.010666,0.221912,-11.472805,-1.049368,13.762848,0.061981,0.075386,0.016329,0.000287,0,0.622010,0.000000,1,-34.683645,10.697877,fcacc0fc27da,1533151612.897588,0.500409,1.001055
scene-0103_020,34752,0,0.000000,0.001534,0.034730,7.366203,32.838573,91.877114,0.012863,0.221743,-11.007283,-1.038528,13.693727,0.061934,0.075231,0.016603,0.000230,0,0.611188,0.000000,1,-35.349942,10.703019,f1012dc16826,1533151613.398020,0.500432,1.001100
scene-0103_021,34752,0,0.000000,0.000044,0.039808,7.279141,34.044965,104.279845,0.016977,0.223786,-10.411445,-0.984973,13.568084,0.061788,0.077386,0.018100,0.000288,0,0.615331,0.000000,1,-36.169478,10.738007,4d13a0fe8f61,1533151613.948222,0.550202,1.100664
scene-0103_022,34752,0,0.000000,0.000062,0.044521,7.065712,33.785295,102.710213,0.017869,0.229426,-9.795479,-0.946354,13.464086,0.061127,0.079401,0.016114,0.000345,0,0.640193,0.000000,1,-37.210943,10.756157,165d07756fc0,1533151614.450164,0.501942,1.004121
scene-0103_023,34720,0,0.000000,0.000032,0.047031,6.944392,33.194550,101.155209,0.018606,0.236233,-10.654438,-0.876891,13.439973,0.061015,0.079861,0.015524,0.000346,0,0.636636,0.000000,1,-38.322720,10.757675,19d55bfaacb3,1533151614.948536,0.498372,0.996979
scene-0103_024,34688,0,0.000000,0.000004,0.052317,6.797626,32.486187,100.789428,0.020699,0.238440,-3.853698,-0.878476,13.682878,0.062179,0.081789,0.013002,0.000461,0,0.648639,0.000000,1,-39.623058,10.755266,6e5dcbefb324,1533151615.448397,0.499861,0.999958
scene-0103_025,34688,0,0.000000,0.000033,0.059702,6.764523,31.777251,97.181848,0.021391,0.240083,-4.521418,-0.903323,13.794687,0.060533,0.079083,0.014501,0.000288,0,0.647601,0.000000,1,-41.106582,10.768065,f275d3c7ca50,1533151615.947733,0.499336,0.998908
scene-0103_026,34688,0,0.000000,0.000045,0.066838,6.473635,35.012807,94.738528,0.026868,0.240544,-9.613725,-0.977294,14.178799,0.061290,0.078573,0.014558,0.000144,0,0.639299,0.000000,1,-42.500806,10.795072,408d00887e71,1533151616.447606,0.499873,0.999982
scene-0103_027,34752,0,0.000000,0.000033,0.071626,6.600763,36.284812,92.253128,0.029495,0.247180,-10.666962,-1.021326,14.810532,0.058530,0.074612,0.015826,0.000201,0,0.617403,0.000000,1,-43.941601,10.720459,1cfac4b93f28,1533151616.947490,0.499884,1.000004
scene-0103_028,34720,0,0.000000,0.001248,0.078247,6.824518,37.074155,89.900294,0.030156,0.246169,-16.729786,-1.068435,14.599559,0.056614,0.071242,0.015899,0.000144,0,0.608641,0.000000,1,-45.187010,10.797622,68154efbc743,1533151617.397050,0.449560,0.899332
scene-0103_029,34720,0,0.000000,0.000017,0.111288,7.235913,38.124148,99.950568,0.031020,0.244700,-15.274871,-1.135810,14.378679,0.055553,0.070989,0.018664,0.000202,0,0.605530,0.000000,1,-46.494784,10.822505,c16675be6f89,1533151617.947237,0.550187,1.100634
scene-0103_030,34688,0,0.000000,0.000026,0.135815,7.373742,38.208519,104.829425,0.029174,0.240458,-10.915365,-1.092016,14.296148,0.054591,0.068487,0.017009,0.000086,0,0.596748,0.000000,1,-47.982748,10.831006,5cb3b2f3f4b5,1533151618.447134,0.499897,1.000030
scene-0103_031,34688,0,0.000000,0.000057,0.158565,7.408456,38.241014,104.821050,0.028367,0.240141,-8.140407,-1.110682,13.837513,0.053640,0.066708,0.015596,0.000058,0,0.588446,0.000000,1,-49.432212,10.855267,f45413d62553,1533151618.946993,0.499859,0.999954
scene-0103_032,34752,0,0.000000,0.000286,0.150152,7.385106,37.156272,104.275015,0.026732,0.246317,-8.878022,-1.059853,14.052344,0.054697,0.072650,0.016891,0.000144,0,0.574931,0.000000,1,-51.092365,10.849140,9171fe92e4fa,1533151619.446866,0.499873,0.999982
scene-0103_033,34784,0,0.000000,0.001017,0.153771,7.060173,37.283714,104.552628,0.025270,0.245630,-12.738789,-0.982992,14.381630,0.055908,0.076782,0.020239,0.000057,0,0.577507,0.000000,1,-52.293921,10.821969,ffa682b10628,1533151619.947313,0.500447,1.001130
scene-0103_034,34688,0,0.000000,0.000031,0.158561,6.589843,36.008715,100.438333,0.019488,0.250778,-10.722477,-0.844602,14.564739,0.058022,0.083241,0.020353,0.000259,0,0.573916,0.000000,1,-53.494860,10.818691,008b4de03ae7,1533151620.447745,0.500432,1.001100
scene-0103_035,34720,0,0.000000,0.000022,0.138977,6.089018,34.596546,98.122474,0.016129,0.260743,-15.524818,-0.738257,13.981460,0.060187,0.089854,0.021774,0.000086,0,0.567166,0.000000,1,-54.527363,10.824083,2e054f84ae2c,1533151621.047706,0.599961,1.200205
scene-0103_036,34752,0,0.000000,0.000061,0.138415,6.001043,34.681467,102.922673,0.017121,0.259697,-14.079578,-0.698638,14.624687,0.059291,0.088024,0.020315,0.000259,0,0.575967,0.000000,1,-55.009430,10.752344,694db4c401b0,1533151621.448049,0.400343,0.800875
scene-0103_037,34720,0,0.000000,0.000016,0.135349,6.205828,30.210376,100.935408,0.018001,0.262586,-12.238221,-0.700441,15.626347,0.060573,0.090571,0.023070,0.000230,0,0.571313,0.000000,1,-55.191329,10.731251,ae18bb92c11a,1533151621.947928,0.499879,0.999994
scene-0103_038,34752,0,0.000000,0.000047,0.130646,5.989999,26.865431,102.568112,0.017409,0.261913,-10.388916,-0.591617,16.212748,0.063711,0.094775,0.034012,0.000086,0,0.582182,0.000000,1,-55.637742,10.785607,82c69b399350,1533151622.448916,0.500988,1.002213
scene-0103_039,34720,0,0.000000,0.000023,0.109019,5.742221,26.137363,97.713811,0.016417,0.262327,-8.575144,-0.596102,16.949474,0.057036,0.086985,0.030760,0.000346,0,0.559908,0.000000,1,-55.353010,10.769552,f48751aab6f1,1533151622.948227,0.499311,0.998858
scene-1094_000,34400,0,0.000000,0.000030,0.002992,5.676671,41.262797,95.347501,0.017326,0.294012,-16.811443,-0.355518,14.276058,0.079369,0.109697,0.029767,0.000203,0,0.410233,0.000000,1,-30.906596,10.682288,f949c857261a,1542800847.948119,,
scene-1094_001,34688,0,0.000000,0.000025,0.002889,5.817265,41.179080,104.907441,0.016720,0.278194,-16.823561,-0.368657,14.376982,0.081709,0.110443,0.031423,0.000202,0,0.414091,0.000000,1,-30.903048,10.679029,e661bdde0b01,1542800848.447981,0.499862,0.999960
scene-1094_002,34720,0,0.000000,0.000044,0.004251,5.990860,41.117408,98.401434,0.017079,0.248733,-16.872471,-0.614705,15.927794,0.083596,0.111931,0.031164,0.000259,0,0.707143,0.000000,1,-31.042071,10.675457,79ca4c8aa889,1542800848.947897,0.499916,1.000068
scene-1094_003,34688,0,0.000000,0.000076,0.012938,6.246834,40.971821,98.509878,0.016807,0.237171,-16.955261,-0.754984,15.972492,0.082111,0.110479,0.029203,0.000259,0,0.748270,0.000000,1,-31.705095,10.713251,b7fab6043dcb,1542800849.447179,0.499282,0.998800
scene-1094_004,34720,0,0.000000,0.000068,0.022430,6.478976,40.782927,105.091419,0.015121,0.234389,-17.130064,-0.805324,15.850388,0.080389,0.110317,0.028485,0.000288,0,0.708180,0.000000,1,-32.491319,10.733146,9dc9f0a3d41b,1542800849.947059,0.499880,0.999996
scene-1094_005,34752,0,0.000000,0.000058,0.033578,6.606840,40.075789,103.037699,0.014129,0.234461,-17.389198,-0.827058,15.821252,0.079846,0.111856,0.027912,0.000518,0,0.680594,0.000000,1,-33.461223,10.757208,9022923380f0,1542800850.447485,0.500426,1.001088
scene-1094_006,34688,0,0.000000,0.000213,0.045916,6.944717,39.781678,104.000043,0.014702,0.235528,-12.472963,-0.839257,13.857807,0.077850,0.111056,0.026436,0.000951,0,0.617505,0.000000,1,-34.570910,10.932529,cdf93128d145,1542800850.947378,0.499893,1.000022
scene-1094_007,34720,0,0.000000,0.000041,0.050849,7.002456,38.967732,104.268273,0.016647,0.237586,-11.922334,-0.858442,12.349836,0.075498,0.107321,0.024942,0.001152,0,0.605530,0.000000,1,-35.427477,10.869335,2f325e240898,1542800851.450143,0.502765,1.005768
scene-1094_008,34752,0,0.000000,0.000150,0.053450,6.959258,38.553499,104.724900,0.016229,0.240763,-11.335597,-0.850948,13.417611,0.073809,0.105361,0.027682,0.001036,0,0.651588,0.000000,1,-35.893312,10.860694,a5a4e64dc1a5,1542800851.947705,0.497562,0.995359
scene-1094_009,34720,0,0.000000,0.000033,0.052473,6.877590,38.052195,105.034882,0.015179,0.247926,-6.531081,-0.861440,15.354005,0.070294,0.102160,0.025720,0.000490,0,0.712327,0.000000,1,-36.182271,10.800086,f7f4e26d63a1,1542800852.448091,0.500386,1.001008
scene-1094_010,34688,0,0.000000,0.000050,0.046488,6.747963,37.157354,105.051284,0.014039,0.253777,-6.406542,-0.915925,15.604005,0.068931,0.102504,0.018681,0.001067,0,0.699493,0.000000,1,-36.246758,10.749111,5a1dbf443c14,1542800852.947478,0.499387,0.999010
scene-1094_011,34688,0,0.000000,0.000040,0.044207,6.730770,36.824858,103.053858,0.013636,0.255304,-24.803764,-0.956661,15.328008,0.067287,0.100055,0.018767,0.000750,0,0.622694,0.000000,1,-36.107933,10.796590,9f7026cc7f22,1542800853.447313,0.499835,0.999906
scene-1094_012,34752,0,0.000000,0.000026,0.043500,6.680989,37.014960,104.269950,0.014273,0.256532,-6.660456,-0.998544,15.346061,0.066141,0.099402,0.020229,0.000403,0,0.607044,0.000000,1,-36.397487,10.807754,ac06402178a4,1542800853.947736,0.500423,1.001082
scene-1094_013,34752,0,0.000000,0.000038,0.044344,6.533952,36.747963,102.224161,0.013064,0.259323,-13.262020,-0.964558,15.720680,0.065338,0.098183,0.019395,0.000374,0,0.625691,0.000000,1,-37.479071,10.762910,02c89b932833,1542800854.447717,0.499981,1.000198
scene-1094_014,34720,0,0.000000,0.000058,0.050630,6.423860,36.336722,104.322449,0.013623,0.256682,-14.693117,-0.940226,16.718536,0.066409,0.095879,0.016359,0.000403,0,0.634562,0.000000,1,-38.952269,10.874496,f7556ed6f614,1542800854.948033,0.500316,1.000869
scene-1094_015,34752,0,0.000000,0.000030,0.056306,6.373453,36.704002,102.340410,0.015049,0.253395,-20.363817,-0.922350,16.153008,0.069350,0.099488,0.014733,0.000288,0,0.644337,0.000000,1,-40.477602,10.763438,f349a0c394d2,1542800855.448455,0.500422,1.001080
scene-1094_016,34816,0,0.000000,0.000046,0.068144,6.128239,36.101000,100.065102,0.015108,0.252413,-17.503557,-0.818463,13.794353,0.072122,0.100119,0.013184,0.000144,0,0.645221,0.000000,1,-42.249277,10.879092,f6de338aa17c,1542800855.949460,0.501005,1.002246
scene-1094_017,34752,0,0.000000,0.000016,0.073670,5.820726,36.156244,101.800401,0.015884,0.254403,-17.560276,-0.658625,15.014373,0.080095,0.107139,0.010791,0.000345,0,0.596685,0.000000,1,-43.897446,10.774850,17a09212fa01,1542800856.450419,0.500959,1.002154
scene-1094_018,34688,0,0.000000,0.000562,0.085868,5.581905,36.400718,95.414911,0.015740,0.247492,-17.608038,-0.628258,15.219258,0.087704,0.106582,0.012339,0.000086,0,0.623732,0.000000,1,-45.157534,10.966580,5a67a8e71de3,1542800856.950302,0.499883,1.000002
scene-1094_019,34688,0,0.000000,0.000029,0.089920,5.743216,38.125941,94.664233,0.019949,0.249568,-18.778921,-0.633304,14.982513,0.098532,0.114975,0.008504,0.000202,0,0.634110,0.000000,1,-46.224055,10.813030,8b7234904cbf,1542800857.450187,0.499885,1.000006
scene-1094_020,34720,0,0.000000,0.000066,0.094151,5.761098,37.832795,101.997638,0.020968,0.251267,-5.521749,-0.648916,14.757877,0.096133,0.111029,0.007661,0.000317,0,0.632488,0.000000,1,-47.700429,10.836555,482c29a8d7f5,1542800857.899729,0.449542,0.899296
scene-1094_021,34688,0,0.000000,0.000018,0.101121,5.978382,39.214131,104.917846,0.023899,0.255737,-9.466290,-0.659161,15.216762,0.094293,0.107831,0.008706,0.000173,0,0.611278,0.000000,1,-49.122143,11.002140,e001eb68379e,1542800858.399042,0.499313,0.998862
scene-1094_022,34656,0,0.000000,0.000051,0.107567,5.869147,39.288715,104.662357,0.025248,0.260590,-9.388402,-0.660696,14.726734,0.093037,0.103987,0.009580,0.000029,0,0.612881,0.000000,1,-50.801173,11.036776,a018ca0ebea8,1542800858.898923,0.499881,0.999998
scene-1094_023,34688,0,0.000000,0.000049,0.115254,5.499233,38.445345,104.984204,0.030212,0.262742,-10.575058,-0.673993,17.116449,0.091992,0.105564,0.007121,0.000029,0,0.600899,0.000000,1,-53.053823,10.824163,85ca5b5f9b8c,1542800859.451995,0.553072,1.106405
scene-1094_024,34688,0,0.000000,0.000022,0.119369,6.037175,39.265717,104.281515,0.032893,0.251816,-9.888233,-0.784902,19.242178,0.083900,0.102426,0.008533,0.000000,0,0.622694,0.000000,1,-54.647276,10.891544,67587528eb9e,1542800859.947349,0.495354,0.990942
scene-1094_025,34720,0,0.000000,0.000044,0.130607,6.344593,41.641376,105.072651,0.032402,0.247609,-11.153381,-0.822137,18.800005,0.079108,0.101403,0.005818,0.000086,0,0.627304,0.000000,1,-56.311287,10.900638,f6e8a6858800,1542800860.447226,0.499877,0.999990
scene-1094_026,34752,0,0.000000,0.000051,0.144797,6.537915,42.747181,101.123540,0.032343,0.244820,-14.305738,-0.884265,18.186201,0.080523,0.096462,0.008776,0.000029,0,0.618439,0.000000,1,-57.202730,11.082331,6c327b9b107a,1542800860.947086,0.499860,0.999956
scene-1094_027,34752,0,0.000000,0.000796,0.161156,6.103187,44.855633,104.561474,0.036573,0.238547,-6.910839,-0.918431,17.865503,0.083631,0.097509,0.004057,0.000086,0,0.628798,0.000000,1,-58.426366,11.171620,2ef10492c2bc,1542800861.447555,0.500469,1.001174
scene-1094_028,34752,0,0.000000,0.000030,0.152232,5.883035,45.463072,103.460434,0.038616,0.247640,-12.564483,-0.905370,17.489498,0.086714,0.099444,0.010676,0.000345,0,0.584254,0.000000,1,-58.677501,11.174520,cc46cf20dfe6,1542800861.947962,0.500407,1.001050
scene-1094_029,34720,0,0.000000,0.000043,0.149422,5.825029,45.494023,104.969391,0.041907,0.244326,-17.724390,-0.975673,18.465662,0.085603,0.101915,0.008439,0.000346,0,0.592051,0.000000,1,-60.686883,11.278533,761b183be1ef,1542800862.447900,0.499938,1.000112
scene-1094_030,34720,0,0.000000,0.000034,0.152099,6.290718,45.782587,104.619942,0.039343,0.247926,-14.650765,-1.089139,18.442505,0.079801,0.099295,0.010887,0.000403,0,0.559908,0.000000,1,-63.089575,10.931833,f31290be172e,1542800862.947705,0.499805,0.999846
scene-1094_031,34752,0,0.000000,0.000029,0.159489,6.624038,46.989722,104.975499,0.042472,0.246058,-15.629527,-1.120403,18.495327,0.077733,0.107983,0.009870,0.001122,0,0.541782,0.000000,1,-64.313947,10.973110,ccd366490744,1542800863.447572,0.499867,0.999970
scene-1094_032,34784,0,0.000000,0.000050,0.159975,6.879126,48.460465,104.978483,0.045682,0.248390,-15.083977,-1.235842,16.970900,0.073968,0.109383,0.008970,0.001351,0,0.524724,0.000000,1,-66.877719,11.063075,e5524bbf73aa,1542800863.948003,0.500431,1.001098
scene-1094_033,34720,0,0.000000,0.000567,0.169603,6.907959,49.722953,104.694849,0.048502,0.246774,-20.376406,-1.232470,19.419550,0.074240,0.106428,0.008986,0.000490,0,0.521544,0.000000,1,-68.781799,11.094014,787c61c015dc,1542800864.448454,0.500451,1.001138
scene-1094_034,34720,0,0.000000,0.000055,0.172931,6.669264,49.253796,104.943016,0.045421,0.246745,-22.433897,-1.051216,18.927599,0.078656,0.109543,0.012903,0.000950,0,0.495622,0.000000,1,-70.504079,11.059993,ac84eea17de7,1542800864.948320,0.499866,0.999968
scene-1094_035,34720,0,0.000000,0.000035,0.185889,6.192109,49.124982,104.198803,0.046141,0.246486,-6.959530,-0.936961,18.457203,0.087187,0.105813,0.012097,0.000086,0,0.504954,0.000000,1,-73.388087,11.706973,2a3b70184d64,1542800865.448238,0.499918,1.000072
scene-1094_036,34720,0,0.000000,0.000047,0.182989,5.596789,45.109092,100.650825,0.044211,0.251498,-13.204908,-0.878097,18.078926,0.090157,0.100955,0.006596,0.000058,0,0.509101,0.000000,1,-74.310782,11.136476,511d0800e175,1542800865.948074,0.499836,0.999908
scene-1094_037,34752,0,0.000000,0.000036,0.182319,5.998137,45.161698,101.253109,0.040429,0.252849,-10.675241,-0.885670,16.783998,0.087149,0.096361,0.004719,0.000000,0,0.495166,0.000000,1,-75.632091,11.379989,f3dc5053169f,1542800866.448494,0.500420,1.001076
scene-1094_038,34688,0,0.000000,0.000029,0.185507,6.001495,42.905875,101.331521,0.040273,0.250404,-28.127071,-0.988796,16.879417,0.083800,0.093123,0.005304,0.000029,0,0.514760,0.000000,1,-76.112225,11.033424,02e5494a647d,1542800866.948361,0.499867,0.999970
scene-1094_039,34720,0,0.000000,0.000056,0.214087,6.221540,42.215518,105.315407,0.038393,0.254896,-2.972219,-0.945370,17.035065,0.084478,0.096141,0.007028,0.000058,0,0.490438,0.000000,1,-76.587288,11.198359,07d76e2fbba0,1542800867.447688,0.499327,0.998890
