frame_id,n_points,n_invalid,invalid_ratio,range_min,range_p05,range_p50,range_p95,range_max,ratio_beyond_50m,ratio_within_2m,z_min,z_p50,z_max,intensity_mean,intensity_std,intensity_zero_ratio,intensity_sat_ratio,empty_az_bins,az_min_bin_ratio,az_max_sector_gap_deg,empty_el_bins,el_min_deg,el_max_deg,points_hash
000001,120268,0,0.000000,1.460494,4.706758,9.850727,37.079817,79.882658,0.013911,0.000308,-7.293000,-1.636000,2.904000,0.249023,0.134628,0.084719,0.001256,0,0.615725,0.000000,6,-23.676343,3.302387,06b5be243911
000004,115976,0,0.000000,1.458822,4.744773,9.339698,36.798708,79.986830,0.017935,0.000336,-5.674000,-1.650000,2.902000,0.226130,0.139377,0.149022,0.000250,0,0.680727,0.000000,6,-23.687702,3.354482,070acdc72890
000007,122798,0,0.000000,1.463143,4.710948,12.333360,42.819121,79.961211,0.033820,0.000261,-3.056000,-1.692000,2.904000,0.249457,0.139692,0.111077,0.000326,0,0.580759,0.000000,5,-23.694435,4.224980,77f1b823c1b7
000008,122555,0,0.000000,1.459833,4.372030,7.619576,24.094617,79.914244,0.008037,0.000269,-15.932000,-1.293000,2.905000,0.271828,0.144607,0.103749,0.001591,0,0.818963,0.000000,5,-23.694381,4.583083,ecdd8625c7c5
000009,123928,0,0.000000,1.461770,4.729617,12.677724,38.316208,79.916074,0.022400,0.000282,-2.422000,-1.668000,2.910000,0.247223,0.130654,0.092562,0.000129,0,0.636176,0.000000,6,-23.671932,2.883311,1e2f5bb3c388
000010,115875,0,0.000000,1.457533,4.664608,10.556469,50.736204,79.978763,0.057079,0.000423,-14.139000,-1.516000,2.912000,0.220488,0.146465,0.192138,0.000630,0,0.826408,0.000000,6,-23.718150,3.433682,ddb0e007be3a
000011,108004,0,0.000000,1.459356,4.017271,8.327299,28.673553,79.804052,0.009657,0.000472,-20.033001,-1.087000,2.906000,0.220465,0.158323,0.206826,0.001083,0,0.616311,0.000000,5,-23.751420,3.941722,de9303d74ef0
000012,120007,0,0.000000,1.479566,4.667454,11.751555,53.386565,79.960313,0.062638,0.000283,-26.663000,-1.716000,2.907000,0.224427,0.135712,0.143983,0.001533,0,0.680360,0.000000,5,-23.658405,4.014135,cfd694017169
000015,122583,0,0.000000,1.460480,4.321306,7.608445,24.288894,79.423582,0.005564,0.000294,-7.087000,-1.225000,2.854000,0.245370,0.158970,0.142695,0.001036,0,0.761215,0.000000,5,-24.222076,4.162220,4eed1c672416
000016,113070,0,0.000000,1.465378,4.345637,9.424225,49.627963,79.990024,0.049067,0.000371,-17.017000,-1.500000,2.912000,0.232627,0.166711,0.189467,0.002167,0,0.687397,0.000000,5,-23.677361,4.919050,4294e264a1f2
000019,115697,0,0.000000,1.463421,3.621652,8.366059,32.267754,79.931461,0.020951,0.000311,-4.112000,-1.174000,2.906000,0.256751,0.164666,0.176098,0.000752,0,0.687036,0.000000,5,-23.772051,4.479186,567db0e0b877
000021,125260,0,0.000000,1.460494,4.562601,8.959881,25.141768,79.955854,0.009365,0.000335,-9.903000,-1.369000,2.910000,0.303227,0.143842,0.067053,0.000623,0,0.716781,0.000000,5,-23.765717,4.155647,23031028b8e7
000023,120412,0,0.000000,1.472150,4.694884,9.980598,37.038646,79.861803,0.012872,0.000332,-7.039000,-1.627000,2.908000,0.248392,0.132000,0.084493,0.000830,0,0.622762,0.000000,6,-23.677293,3.311982,4a8fbe925f1b
000025,115780,0,0.000000,1.456817,3.149317,7.167623,25.380035,79.990699,0.007955,0.000328,-8.175000,-0.952000,2.898000,0.261073,0.156117,0.143401,0.000933,0,0.558127,0.000000,5,-23.667736,5.047344,14cb9b644050
000031,121291,0,0.000000,1.463804,4.168106,9.086590,30.572350,79.069809,0.006109,0.000313,-9.565000,-1.350000,2.784000,0.286759,0.155901,0.096850,0.000396,0,0.681765,0.000000,5,-24.267446,4.795206,53bd1ed2b70a
000032,118661,0,0.000000,1.457618,4.436381,9.008271,24.468170,79.644754,0.013593,0.000464,-24.118000,-1.259000,2.887000,0.275156,0.170200,0.136279,0.003700,0,0.752092,0.000000,5,-23.710385,4.383481,23237350d627
000043,122591,0,0.000000,1.456647,4.524924,7.466248,22.645321,79.891552,0.008035,0.000343,-11.996000,-1.298000,2.891000,0.251336,0.158506,0.130744,0.001191,0,0.754705,0.000000,5,-24.211576,4.436238,1b6fe5ab3048
000048,122675,0,0.000000,1.465246,3.431484,6.781779,23.330190,79.925788,0.005943,0.000587,-8.798000,-1.009000,2.762000,0.238341,0.160779,0.158003,0.001027,0,0.742743,0.000000,5,-23.909837,4.734463,11e5943e7d52
000049,113691,0,0.000000,1.481038,3.629600,8.967971,31.806514,79.994962,0.027012,0.000317,-24.820000,-1.177000,2.905000,0.245003,0.164104,0.184746,0.001170,0,0.727340,0.000000,5,-23.738831,4.739378,2af522241af9
000061,125247,0,0.000000,1.471941,4.872781,10.045900,32.839544,79.949785,0.013533,0.000287,-8.016000,-1.687000,2.911000,0.311047,0.133310,0.048329,0.000830,0,0.708520,0.000000,6,-23.691924,3.480730,05be8b6bfee8
