perturbation,level,n_frames,detection_rate,any_flag_rate,mean_n_points,mean_metric,config,expected_rule,metric,fired_rules
random_dropout,1.000000,20,0.000000,0.400000,119318.450000,119318.450000,seed=0;frames=kitti_mini(20),LOW_POINTS,n_points,RANGE_ANOMALY;Z_SHIFT
random_dropout,0.900000,20,0.000000,0.400000,107514.700000,107514.700000,seed=0;frames=kitti_mini(20),LOW_POINTS,n_points,RANGE_ANOMALY;Z_SHIFT
random_dropout,0.700000,20,0.000000,0.400000,83614.900000,83614.900000,seed=0;frames=kitti_mini(20),LOW_POINTS,n_points,RANGE_ANOMALY;Z_SHIFT
random_dropout,0.500000,20,0.450000,0.650000,59840.750000,59840.750000,seed=0;frames=kitti_mini(20),LOW_POINTS,n_points,LOW_POINTS;RANGE_ANOMALY;Z_SHIFT
random_dropout,0.300000,20,1.000000,1.000000,35755.250000,35755.250000,seed=0;frames=kitti_mini(20),LOW_POINTS,n_points,LOW_POINTS;RANGE_ANOMALY;Z_SHIFT
sector_dropout,0.000000,20,0.000000,0.400000,119318.450000,0.000000,seed=0;frames=kitti_mini(20),SECTOR_GAP,az_max_sector_gap_deg,RANGE_ANOMALY;Z_SHIFT
sector_dropout,15.000000,20,0.000000,1.000000,114834.600000,0.000000,seed=0;frames=kitti_mini(20),SECTOR_GAP,az_max_sector_gap_deg,RANGE_ANOMALY;SECTOR_SPARSE;Z_SHIFT
sector_dropout,30.000000,20,0.000000,1.000000,110100.050000,20.000000,seed=0;frames=kitti_mini(20),SECTOR_GAP,az_max_sector_gap_deg,RANGE_ANOMALY;SECTOR_SPARSE;Z_SHIFT
sector_dropout,60.000000,20,1.000000,1.000000,99609.000000,60.000000,seed=0;frames=kitti_mini(20),SECTOR_GAP,az_max_sector_gap_deg,INTENSITY_ANOMALY;RANGE_ANOMALY;SECTOR_GAP;SECTOR_SPARSE;Z_SHIFT
sector_dropout,90.000000,20,1.000000,1.000000,89276.700000,80.000000,seed=0;frames=kitti_mini(20),SECTOR_GAP,az_max_sector_gap_deg,INTENSITY_ANOMALY;RANGE_ANOMALY;SECTOR_GAP;SECTOR_SPARSE;Z_SHIFT
gaussian_noise,0.000000,20,0.400000,0.400000,119318.450000,33.565597,seed=0;frames=kitti_mini(20),ANY,range_p95,RANGE_ANOMALY;Z_SHIFT
gaussian_noise,0.020000,20,0.400000,0.400000,119318.450000,33.565967,seed=0;frames=kitti_mini(20),ANY,range_p95,RANGE_ANOMALY;Z_SHIFT
gaussian_noise,0.050000,20,0.350000,0.350000,119318.450000,33.565712,seed=0;frames=kitti_mini(20),ANY,range_p95,RANGE_ANOMALY;Z_SHIFT
gaussian_noise,0.100000,20,0.300000,0.300000,119318.450000,33.562631,seed=0;frames=kitti_mini(20),ANY,range_p95,RANGE_ANOMALY;Z_SHIFT
gaussian_noise,0.300000,20,0.250000,0.250000,119318.450000,33.566526,seed=0;frames=kitti_mini(20),ANY,range_p95,RANGE_ANOMALY;Z_SHIFT
z_offset,0.000000,20,0.300000,0.400000,119318.450000,-1.394250,seed=0;frames=kitti_mini(20),Z_SHIFT,z_p50,RANGE_ANOMALY;Z_SHIFT
z_offset,0.100000,20,0.150000,0.300000,119318.450000,-1.294250,seed=0;frames=kitti_mini(20),Z_SHIFT,z_p50,RANGE_ANOMALY;Z_SHIFT
z_offset,0.200000,20,0.350000,0.500000,119318.450000,-1.194250,seed=0;frames=kitti_mini(20),Z_SHIFT,z_p50,RANGE_ANOMALY;Z_SHIFT
z_offset,0.400000,20,0.550000,0.700000,119318.450000,-0.994250,seed=0;frames=kitti_mini(20),Z_SHIFT,z_p50,RANGE_ANOMALY;Z_SHIFT
z_offset,0.800000,20,1.000000,1.000000,119318.450000,-0.594250,seed=0;frames=kitti_mini(20),Z_SHIFT,z_p50,RANGE_ANOMALY;Z_SHIFT
